{"stats":{"minecraft:picked_up":{"minecraft:spruce_stairs":1},"minecraft:dropped":{"minecraft:spruce_stairs":1},"minecraft:custom":{"minecraft:time_since_rest":127630,"minecraft:play_one_minute":127630,"minecraft:crouch_one_cm":590,"minecraft:sprint_one_cm":13817,"minecraft:damage_taken":80,"minecraft:walk_one_cm":31705,"minecraft:sneak_time":6662,"minecraft:walk_under_water_one_cm":4368,"minecraft:drop":1,"minecraft:jump":183,"minecraft:leave_game":1,"minecraft:walk_on_water_one_cm":1270,"minecraft:time_since_death":127630,"minecraft:fly_one_cm":1516583},"minecraft:used":{"minecraft:chiseled_stone_bricks":25,"minecraft:item_frame":2,"minecraft:oak_fence":19,"minecraft:oak_trapdoor":99,"minecraft:torch":2,"minecraft:dark_oak_planks":18,"minecraft:water_bucket":33,"minecraft:birch_planks":429,"minecraft:birch_slab":155,"minecraft:grass_block":5,"minecraft:spruce_stairs":187,"minecraft:oak_planks":3,"minecraft:spruce_planks":59,"minecraft:stone":499,"minecraft:spruce_fence":1,"minecraft:smooth_stone":41,"minecraft:birch_stairs":68}},"DataVersion":2586}