{"stats":{"minecraft:killed":{"minecraft:horse":8,"minecraft:cow":1},"minecraft:dropped":{"minecraft:oak_log":2,"minecraft:andesite_wall":1,"minecraft:grass_block":4,"minecraft:stick":1,"minecraft:dirt":1,"minecraft:wooden_axe":2,"minecraft:bone_meal":1,"minecraft:black_stained_glass":1,"minecraft:oak_planks":2,"minecraft:oak_wood":1,"minecraft:stone_brick_wall":2},"minecraft:used":{"minecraft:oak_fence":539,"minecraft:beetroot":1,"minecraft:peony":5,"minecraft:oak_trapdoor":18,"minecraft:purpur_block":12,"minecraft:petrified_oak_slab":555,"minecraft:rose_bush":6,"minecraft:iron_bars":4,"minecraft:spruce_slab":949,"minecraft:diamond_hoe":260,"minecraft:poppy":3,"minecraft:ladder":14,"minecraft:oak_sign":44,"minecraft:spruce_planks":1120,"minecraft:chest":82,"minecraft:white_terracotta":114,"minecraft:stone":3781,"minecraft:stripped_jungle_wood":2,"minecraft:stripped_birch_wood":480,"minecraft:quartz_stairs":16,"minecraft:bell":1,"minecraft:farmland":59,"minecraft:green_terracotta":12,"minecraft:oak_door":16,"minecraft:spruce_leaves":20,"minecraft:torch":63,"minecraft:dirt":550,"minecraft:anvil":7,"minecraft:hopper":43,"minecraft:carrot":220,"minecraft:jungle_planks":1,"minecraft:spruce_stairs":1876,"minecraft:cobblestone_wall":169,"minecraft:jungle_slab":1,"minecraft:stone_stairs":412,"minecraft:oak_wood":3369,"minecraft:spruce_fence":743,"minecraft:azure_bluet":1,"minecraft:stripped_spruce_log":241,"minecraft:oak_fence_gate":13,"minecraft:fern":3,"minecraft:red_sandstone_stairs":8,"minecraft:dark_oak_planks":7,"minecraft:andesite_wall":54,"minecraft:glass":491,"minecraft:stone_brick_slab":281,"minecraft:wooden_axe":35,"minecraft:sea_lantern":182,"minecraft:lava_bucket":16,"minecraft:stripped_dark_oak_wood":66,"minecraft:bricks":33,"minecraft:coal_ore":1,"minecraft:bookshelf":19,"minecraft:black_stained_glass_pane":133,"minecraft:grass_block":7552,"minecraft:red_wool":2568,"minecraft:lantern":242,"minecraft:iron_block":24,"minecraft:oak_stairs":1558,"minecraft:blue_orchid":1,"minecraft:brick_stairs":36,"minecraft:chicken_spawn_egg":7,"minecraft:barrel":57,"minecraft:stone_brick_stairs":1941,"minecraft:stone_bricks":3568,"minecraft:item_frame":6,"minecraft:birch_trapdoor":10,"minecraft:tripwire_hook":8,"minecraft:glowstone":169,"minecraft:red_carpet":204,"minecraft:black_stained_glass":187,"minecraft:scaffolding":1,"minecraft:hay_block":124,"minecraft:emerald_block":1,"minecraft:sweet_berries":1,"minecraft:furnace":4,"minecraft:podzol":64,"minecraft:trapped_chest":81,"minecraft:stone_pressure_plate":2,"minecraft:granite_wall":4,"minecraft:end_stone_brick_stairs":13,"minecraft:potato":112,"minecraft:mossy_stone_brick_wall":3,"minecraft:dark_prismarine_stairs":12,"minecraft:stripped_spruce_wood":853,"minecraft:wheat_seeds":643,"minecraft:dark_oak_stairs":7,"minecraft:water_bucket":1923,"minecraft:diorite":6,"minecraft:cow_spawn_egg":6,"minecraft:iron_ore":5,"minecraft:cobblestone_stairs":734,"minecraft:spruce_door":31,"minecraft:birch_planks":137,"minecraft:stripped_birch_log":63,"minecraft:lead":1,"minecraft:polished_andesite":6,"minecraft:oak_planks":5724,"minecraft:cartography_table":3,"minecraft:lily_pad":4,"minecraft:blue_wool":4,"minecraft:cauldron":2,"minecraft:sugar_cane":32,"minecraft:cobblestone_slab":192,"minecraft:stonecutter":2,"minecraft:sheep_spawn_egg":5,"minecraft:spruce_fence_gate":32,"minecraft:horse_spawn_egg":18,"minecraft:gold_ore":5,"minecraft:oak_leaves":28,"minecraft:white_wool":241,"minecraft:dark_oak_trapdoor":1,"minecraft:sand":21,"minecraft:rail":41,"minecraft:oak_slab":445,"minecraft:crafting_table":3,"minecraft:red_bed":10,"minecraft:blast_furnace":21,"minecraft:campfire":66,"minecraft:purple_terracotta":12,"minecraft:stone_brick_wall":4494,"minecraft:gray_concrete":300,"minecraft:painting":26,"minecraft:infested_stone_bricks":278,"minecraft:smoker":1,"minecraft:oak_log":10796,"minecraft:dark_prismarine":72,"minecraft:wooden_hoe":582,"minecraft:flower_pot":7,"minecraft:cornflower":2,"minecraft:black_concrete":119,"minecraft:gray_stained_glass_pane":5,"minecraft:birch_slab":136,"minecraft:string":9,"minecraft:oak_button":2,"minecraft:pig_spawn_egg":4,"minecraft:map":8,"minecraft:jungle_stairs":1,"minecraft:stone_slab":522,"minecraft:spruce_trapdoor":104,"minecraft:oak_pressure_plate":2,"minecraft:diamond_ore":1,"minecraft:prismarine_wall":53,"minecraft:gravel":15,"minecraft:lilac":3,"minecraft:yellow_wool":4,"minecraft:diamond_sword":5,"minecraft:wooden_sword":6,"minecraft:cobblestone":1117,"minecraft:potion":15,"minecraft:stripped_oak_wood":438,"minecraft:grindstone":2,"minecraft:bucket":10,"minecraft:glass_pane":151,"minecraft:grass_path":47,"minecraft:smooth_stone_slab":1827,"minecraft:wither_rose":1,"minecraft:stripped_oak_log":854,"minecraft:white_concrete":1,"minecraft:smooth_stone":34,"minecraft:bone_meal":1,"minecraft:birch_stairs":54},"minecraft:picked_up":{"minecraft:wooden_axe":2,"minecraft:wheat":108,"minecraft:azure_bluet":7,"minecraft:lead":1,"minecraft:diamond_sword":1,"minecraft:stone_brick_wall":1,"minecraft:cornflower":11,"minecraft:red_bed":2,"minecraft:item_frame":1,"minecraft:blue_orchid":3,"minecraft:beef":3,"minecraft:white_tulip":2,"minecraft:poppy":20,"minecraft:sugar_cane":4,"minecraft:birch_sapling":1,"minecraft:egg":1,"minecraft:stick":1,"minecraft:black_stained_glass":1,"minecraft:oak_door":11,"minecraft:torch":2,"minecraft:stone_button":11,"minecraft:carrot":44,"minecraft:andesite_wall":1,"minecraft:red_tulip":1,"minecraft:saddle":1,"minecraft:cod":10,"minecraft:rail":2,"minecraft:oxeye_daisy":12,"minecraft:leather":7,"minecraft:oak_log":1,"minecraft:dirt":1,"minecraft:lantern":13,"minecraft:red_carpet":1,"minecraft:wheat_seeds":470,"minecraft:orange_tulip":1,"minecraft:gray_bed":2,"minecraft:oak_planks":2,"minecraft:scaffolding":1,"minecraft:sweet_berries":3,"minecraft:dandelion":25,"minecraft:grass_block":3,"minecraft:spruce_door":9,"minecraft:oak_wood":1,"minecraft:painting":2,"minecraft:spruce_button":1,"minecraft:sunflower":3},"minecraft:mined":{"minecraft:red_bed":2,"minecraft:gray_bed":6,"minecraft:grass":1},"minecraft:crafted":{"minecraft:filled_map":8},"minecraft:custom":{"minecraft:mob_kills":9,"minecraft:inspect_hopper":6,"minecraft:interact_with_crafting_table":1,"minecraft:open_barrel":6,"minecraft:fill_cauldron":2,"minecraft:leave_game":50,"minecraft:time_since_death":5140008,"minecraft:climb_one_cm":3284,"minecraft:sprint_one_cm":1087892,"minecraft:walk_one_cm":5089313,"minecraft:drop":18,"minecraft:talked_to_villager":2,"minecraft:sneak_time":278489,"minecraft:walk_under_water_one_cm":228849,"minecraft:jump":8553,"minecraft:interact_with_blast_furnace":3,"minecraft:walk_on_water_one_cm":144666,"minecraft:interact_with_furnace":1,"minecraft:interact_with_cartography_table":2,"minecraft:play_one_minute":5140008,"minecraft:pot_flower":6,"minecraft:sleep_in_bed":1,"minecraft:time_since_rest":865716,"minecraft:damage_taken":1057,"minecraft:trigger_trapped_chest":4,"minecraft:damage_dealt":2074,"minecraft:fly_one_cm":105916576,"minecraft:swim_one_cm":3219,"minecraft:open_chest":5,"minecraft:crouch_one_cm":288832,"minecraft:fall_one_cm":2111,"minecraft:horse_one_cm":273941}},"DataVersion":2230}