{"stats":{"minecraft:custom":{"minecraft:mob_kills":3,"minecraft:tune_noteblock":4,"minecraft:play_one_minute":3321466,"minecraft:leave_game":43,"minecraft:time_since_death":3321466,"minecraft:climb_one_cm":1826,"minecraft:time_since_rest":3321466,"minecraft:sprint_one_cm":1243273,"minecraft:damage_taken":30,"minecraft:walk_one_cm":999425,"minecraft:drop":4,"minecraft:damage_dealt":1667,"minecraft:swim_one_cm":40749,"minecraft:fly_one_cm":40558305,"minecraft:open_chest":10,"minecraft:crouch_one_cm":112630,"minecraft:sneak_time":135788,"minecraft:walk_under_water_one_cm":83535,"minecraft:jump":5371,"minecraft:walk_on_water_one_cm":23973,"minecraft:fall_one_cm":777},"minecraft:dropped":{"minecraft:spruce_leaves":1,"minecraft:wooden_axe":1,"minecraft:bone_meal":1,"minecraft:stone_brick_stairs":1},"minecraft:picked_up":{"minecraft:lantern":2,"minecraft:wheat_seeds":29,"minecraft:stone_button":3,"minecraft:bone_meal":1,"minecraft:spruce_button":1,"minecraft:rail":1},"minecraft:killed":{"minecraft:wandering_trader":1,"minecraft:trader_llama":2},"minecraft:used":{"minecraft:oak_fence":53,"minecraft:oak_trapdoor":42,"minecraft:petrified_oak_slab":8,"minecraft:water_bucket":141,"minecraft:iron_bars":8,"minecraft:cobblestone_stairs":814,"minecraft:birch_leaves":187,"minecraft:spruce_slab":33,"minecraft:polished_andesite":61,"minecraft:oak_planks":528,"minecraft:ladder":4,"minecraft:lily_pad":39,"minecraft:andesite_slab":13,"minecraft:spruce_planks":319,"minecraft:stone":130,"minecraft:spruce_sign":7,"minecraft:magenta_stained_glass":31,"minecraft:diamond_axe":99,"minecraft:grass":11,"minecraft:cobblestone_slab":1436,"minecraft:green_terracotta":1,"minecraft:oak_leaves":49,"minecraft:spruce_leaves":1004,"minecraft:orange_stained_glass":1,"minecraft:torch":4,"minecraft:dirt":95,"minecraft:rail":67,"minecraft:oak_slab":152,"minecraft:spruce_stairs":1416,"minecraft:cobblestone_wall":179,"minecraft:blue_ice":1,"minecraft:campfire":2,"minecraft:oak_wood":129,"minecraft:lingering_potion":3,"minecraft:gray_concrete":464,"minecraft:stone_brick_wall":431,"minecraft:infested_stone_bricks":7,"minecraft:spruce_fence":416,"minecraft:light_blue_stained_glass":127,"minecraft:spruce_log":617,"minecraft:oak_fence_gate":31,"minecraft:obsidian":43,"minecraft:fern":1,"minecraft:oak_log":360,"minecraft:glass":124,"minecraft:stone_brick_slab":334,"minecraft:wooden_axe":4,"minecraft:packed_ice":2,"minecraft:sea_lantern":217,"minecraft:diamond_shovel":75,"minecraft:red_wool":29,"minecraft:spruce_wood":492,"minecraft:light_gray_concrete":408,"minecraft:gray_stained_glass_pane":7,"minecraft:quartz_slab":27,"minecraft:yellow_stained_glass":1,"minecraft:black_stained_glass_pane":2,"minecraft:lantern":89,"minecraft:grass_block":894,"minecraft:oak_stairs":893,"minecraft:spruce_button":11,"minecraft:polished_andesite_stairs":44,"minecraft:stone_button":232,"minecraft:stone_slab":2234,"minecraft:red_terracotta":13,"minecraft:dark_oak_slab":171,"minecraft:stone_brick_stairs":1613,"minecraft:stone_bricks":1569,"minecraft:item_frame":2,"minecraft:cobblestone":33,"minecraft:black_stained_glass":66,"minecraft:lime_stained_glass":6,"minecraft:stripped_oak_wood":1249,"minecraft:andesite":104,"minecraft:podzol":83,"minecraft:pink_stained_glass":2,"minecraft:white_stained_glass":3,"minecraft:grass_path":30,"minecraft:gold_block":2,"minecraft:smooth_stone_slab":1833,"minecraft:ice":3,"minecraft:white_concrete":112,"minecraft:coarse_dirt":19,"minecraft:bone_meal":2}},"DataVersion":2230}