{"stats":{"minecraft:picked_up":{"minecraft:red_carpet":219,"minecraft:yellow_carpet":256,"minecraft:cyan_carpet":230,"minecraft:lead":2,"minecraft:green_carpet":11},"minecraft:custom":{"minecraft:time_since_rest":264185,"minecraft:open_chest":13,"minecraft:crouch_one_cm":19620,"minecraft:play_one_minute":264185,"minecraft:sprint_one_cm":3097,"minecraft:walk_one_cm":528874,"minecraft:sneak_time":10918,"minecraft:walk_under_water_one_cm":75846,"minecraft:jump":606,"minecraft:leave_game":3,"minecraft:walk_on_water_one_cm":16645,"minecraft:time_since_death":264185,"minecraft:fly_one_cm":358307},"minecraft:used":{"minecraft:crimson_stem":573,"minecraft:oak_log":603,"minecraft:jungle_leaves":248,"minecraft:oak_leaves":261,"minecraft:sea_lantern":1750,"minecraft:green_carpet":337,"minecraft:warped_stem":564,"minecraft:red_carpet":378,"minecraft:birch_pressure_plate":1,"minecraft:acacia_log":55,"minecraft:dark_oak_log":54,"minecraft:prismarine_brick_slab":32,"minecraft:birch_leaves":230,"minecraft:grass_block":419,"minecraft:red_sandstone_slab":30,"minecraft:birch_log":606,"minecraft:cyan_carpet":396,"minecraft:oak_sign":2,"minecraft:yellow_carpet":361,"minecraft:chest":745,"minecraft:dark_oak_leaves":210,"minecraft:purpur_slab":32,"minecraft:spruce_log":54,"minecraft:water_bucket":226,"minecraft:shroomlight":121,"minecraft:jack_o_lantern":92,"minecraft:glowstone":90}},"DataVersion":2586}