{"stats":{"minecraft:custom":{"minecraft:time_since_rest":999252,"minecraft:sprint_one_cm":605765,"minecraft:damage_taken":20,"minecraft:walk_one_cm":374718,"minecraft:drop":1,"minecraft:damage_dealt":30,"minecraft:swim_one_cm":732,"minecraft:fly_one_cm":9764633,"minecraft:open_chest":2,"minecraft:play_one_minute":999252,"minecraft:crouch_one_cm":2622,"minecraft:sneak_time":25441,"minecraft:walk_under_water_one_cm":1100,"minecraft:jump":3005,"minecraft:interact_with_blast_furnace":1,"minecraft:leave_game":36,"minecraft:time_since_death":999252,"minecraft:walk_on_water_one_cm":1607,"minecraft:interact_with_smoker":1,"minecraft:climb_one_cm":760,"minecraft:fall_one_cm":482},"minecraft:picked_up":{"minecraft:oak_log":1,"minecraft:lantern":3,"minecraft:light_blue_carpet":1},"minecraft:dropped":{"minecraft:oak_log":1},"minecraft:used":{"minecraft:light_blue_carpet":203,"minecraft:oak_log":533,"minecraft:glass":18,"minecraft:water_bucket":7,"minecraft:cobblestone_stairs":6,"minecraft:gray_carpet":107,"minecraft:yellow_stained_glass":3,"minecraft:birch_planks":1,"minecraft:lantern":119,"minecraft:polished_andesite":130,"minecraft:red_wool":2,"minecraft:black_stained_glass_pane":99,"minecraft:grass_block":8,"minecraft:red_stained_glass":3,"minecraft:oak_stairs":31,"minecraft:spruce_slab":4,"minecraft:stone_pickaxe":1,"minecraft:oak_planks":1117,"minecraft:oak_sign":9,"minecraft:spruce_planks":43,"minecraft:magenta_stained_glass":4,"minecraft:stone_brick_stairs":19,"minecraft:orange_stained_glass":4,"minecraft:dirt":12,"minecraft:cobblestone":148,"minecraft:black_stained_glass":199,"minecraft:lime_stained_glass":3,"minecraft:stripped_oak_wood":8,"minecraft:white_stained_glass":5,"minecraft:pink_stained_glass":3,"minecraft:oak_wood":1,"minecraft:painting":182,"minecraft:stone_brick_wall":17,"minecraft:infested_stone_bricks":1483,"minecraft:spruce_fence":110,"minecraft:light_blue_stained_glass":3}},"DataVersion":2230}