{"stats":{"minecraft:picked_up":{"minecraft:crafting_table":1,"minecraft:coarse_dirt":2,"minecraft:azure_bluet":7,"minecraft:ladder":14,"minecraft:brown_mushroom":6,"minecraft:oak_stairs":1,"minecraft:cornflower":18,"minecraft:string":6,"minecraft:flint_and_steel":1,"minecraft:oak_sign":2,"minecraft:white_tulip":2,"minecraft:redstone_torch":9,"minecraft:poppy":3,"minecraft:chest":2,"minecraft:egg":1,"minecraft:stick":5,"minecraft:jungle_door":3,"minecraft:oak_door":3,"minecraft:torch":27,"minecraft:porkchop":2,"minecraft:stone_button":1,"minecraft:diorite":4,"minecraft:redstone":15,"minecraft:cactus":1,"minecraft:arrow":1,"minecraft:weeping_vines":2,"minecraft:rotten_flesh":3,"minecraft:peony":1,"minecraft:red_tulip":2,"minecraft:pink_tulip":4,"minecraft:saddle":1,"minecraft:mutton":4,"minecraft:white_wool":3,"minecraft:cobblestone":30,"minecraft:oxeye_daisy":21,"minecraft:birch_log":10,"minecraft:andesite":3,"minecraft:potato":11,"minecraft:oak_log":38,"minecraft:dirt":50,"minecraft:lantern":32,"minecraft:apple":7,"minecraft:orange_tulip":2,"minecraft:wheat_seeds":55,"minecraft:oak_fence_gate":1,"minecraft:iron_ore":10,"minecraft:oak_planks":2,"minecraft:warped_fungus":1,"minecraft:dandelion":5,"minecraft:gravel":5,"minecraft:sand":26,"minecraft:dark_oak_log":5,"minecraft:spruce_door":4,"minecraft:diamond":4,"minecraft:writable_book":1,"minecraft:granite":4,"minecraft:warped_roots":7,"minecraft:golden_horse_armor":1,"minecraft:emerald":2,"minecraft:oak_sapling":1,"minecraft:coal":24,"minecraft:crimson_roots":4},"minecraft:mined":{"minecraft:grass_block":3,"minecraft:oak_stairs":1,"minecraft:crafting_table":1,"minecraft:chest":1,"minecraft:tall_grass":2,"minecraft:dirt":3},"minecraft:custom":{"minecraft:mob_kills":9,"minecraft:interact_with_crafting_table":2,"minecraft:fill_cauldron":8,"minecraft:open_shulker_box":1,"minecraft:bell_ring":13,"minecraft:leave_game":63,"minecraft:time_since_death":44147,"minecraft:climb_one_cm":3031,"minecraft:sprint_one_cm":1015603,"minecraft:walk_one_cm":2270617,"minecraft:talked_to_villager":38,"minecraft:target_hit":61,"minecraft:deaths":16,"minecraft:sneak_time":36885,"minecraft:walk_under_water_one_cm":29772,"minecraft:jump":3284,"minecraft:walk_on_water_one_cm":73880,"minecraft:interact_with_cartography_table":1,"minecraft:play_one_minute":1422716,"minecraft:pot_flower":2,"minecraft:sleep_in_bed":2,"minecraft:time_since_rest":44167,"minecraft:damage_taken":4800,"minecraft:damage_dealt":1408,"minecraft:swim_one_cm":11912,"minecraft:fly_one_cm":12846020,"minecraft:open_chest":48,"minecraft:crouch_one_cm":28234,"minecraft:fall_one_cm":34580},"minecraft:killed":{"minecraft:spider":1,"minecraft:pig":1,"minecraft:sheep":2,"minecraft:pillager":1,"minecraft:villager":1,"minecraft:blaze":2},"minecraft:crafted":{"minecraft:oak_planks":12,"minecraft:crafting_table":1,"minecraft:oak_stairs":4},"minecraft:used":{"minecraft:oak_trapdoor":74,"minecraft:oak_fence":38,"minecraft:nether_brick_fence":45,"minecraft:iron_bars":51,"minecraft:blue_terracotta":2,"minecraft:writable_book":2,"minecraft:red_sand":4,"minecraft:acacia_log":2,"minecraft:flint_and_steel":2,"minecraft:polished_blackstone":39,"minecraft:spruce_slab":37,"minecraft:redstone":225,"minecraft:ladder":47,"minecraft:oak_sign":18,"minecraft:stripped_warped_stem":31,"minecraft:chest":4,"minecraft:spruce_planks":608,"minecraft:stone":440,"minecraft:iron_sword":3,"minecraft:nether_wart":4,"minecraft:stripped_birch_wood":12,"minecraft:vex_spawn_egg":1,"minecraft:netherrack":174,"minecraft:stripped_crimson_stem":33,"minecraft:green_terracotta":16,"minecraft:oak_door":4,"minecraft:torch":39,"minecraft:soul_sand":16,"minecraft:dirt":360,"minecraft:warped_wart_block":18,"minecraft:red_nether_brick_slab":189,"minecraft:skeleton_spawn_egg":1,"minecraft:prismarine_bricks":210,"minecraft:spruce_stairs":370,"minecraft:nether_bricks":1231,"minecraft:cobblestone_wall":153,"minecraft:nether_brick_slab":471,"minecraft:stone_stairs":5,"minecraft:light_gray_glazed_terracotta":44,"minecraft:oak_wood":1,"minecraft:spruce_fence":235,"minecraft:light_blue_stained_glass":8,"minecraft:obsidian":2,"minecraft:shroomlight":4,"minecraft:polished_blackstone_slab":9,"minecraft:glass":2,"minecraft:stone_brick_slab":69,"minecraft:dark_oak_planks":708,"minecraft:honey_block":73,"minecraft:sea_lantern":45,"minecraft:lava_bucket":39,"minecraft:bricks":8,"minecraft:bookshelf":8,"minecraft:red_tulip":5,"minecraft:grass_block":539,"minecraft:lantern":108,"minecraft:iron_block":648,"minecraft:red_wool":29,"minecraft:spruce_wood":2,"minecraft:oak_stairs":175,"minecraft:iron_axe":2,"minecraft:blue_orchid":3,"minecraft:slime_block":9,"minecraft:smooth_sandstone":91,"minecraft:green_wool":3,"minecraft:warped_nylium":201,"minecraft:dark_oak_slab":175,"minecraft:prismarine_slab":2,"minecraft:stone_bricks":891,"minecraft:item_frame":13,"minecraft:bedrock":123,"minecraft:repeater":47,"minecraft:honeycomb_block":15,"minecraft:light_gray_wool":1,"minecraft:bow":63,"minecraft:lime_concrete":17,"minecraft:glowstone":1,"minecraft:redstone_lamp":34,"minecraft:snow":5,"minecraft:scaffolding":5,"minecraft:soul_soil":1,"minecraft:stone_pressure_plate":4,"minecraft:mossy_stone_brick_wall":6,"minecraft:green_stained_glass_pane":12,"minecraft:light_gray_bed":4,"minecraft:polished_blackstone_stairs":9,"minecraft:stripped_spruce_wood":1,"minecraft:emerald_ore":3,"minecraft:dark_oak_stairs":690,"minecraft:mossy_stone_bricks":249,"minecraft:water_bucket":194,"minecraft:diorite":3,"minecraft:tube_coral_block":1,"minecraft:cobblestone_stairs":286,"minecraft:spruce_door":21,"minecraft:prismarine_brick_slab":3,"minecraft:red_stained_glass":15,"minecraft:polished_andesite":119,"minecraft:prismarine":78,"minecraft:red_nether_bricks":226,"minecraft:oak_planks":98,"minecraft:blackstone":203,"minecraft:blue_wool":7,"minecraft:orange_tulip":5,"minecraft:sandstone":8,"minecraft:cut_sandstone":19,"minecraft:spruce_sign":2,"minecraft:cauldron":9,"minecraft:diamond_axe":29,"minecraft:beacon":1,"minecraft:chiseled_nether_bricks":187,"minecraft:gilded_blackstone":58,"minecraft:polished_blackstone_bricks":47,"minecraft:oak_leaves":47,"minecraft:white_wool":20,"minecraft:mossy_cobblestone":6,"minecraft:sand":30,"minecraft:lime_terracotta":98,"minecraft:cyan_glazed_terracotta":50,"minecraft:comparator":82,"minecraft:dark_prismarine_slab":1,"minecraft:oak_slab":530,"minecraft:crafting_table":2,"minecraft:red_bed":2,"minecraft:smooth_red_sandstone":116,"minecraft:yellow_stained_glass_pane":5,"minecraft:campfire":4,"minecraft:blackstone_wall":10,"minecraft:stone_brick_wall":507,"minecraft:lingering_potion":7,"minecraft:gray_concrete":49,"minecraft:spruce_log":378,"minecraft:redstone_torch":129,"minecraft:oak_log":771,"minecraft:sticky_piston":56,"minecraft:dark_prismarine":11,"minecraft:lever":14,"minecraft:green_concrete":22,"minecraft:flower_pot":2,"minecraft:black_concrete":3,"minecraft:red_sandstone":44,"minecraft:cornflower":3,"minecraft:oxeye_daisy":6,"minecraft:diamond_shovel":225,"minecraft:daylight_detector":26,"minecraft:dark_oak_log":162,"minecraft:gray_shulker_box":2,"minecraft:command_block":3,"minecraft:light_gray_concrete":208,"minecraft:barrier":35,"minecraft:stone_button":3,"minecraft:lectern":3,"minecraft:cracked_nether_bricks":2,"minecraft:polished_granite":1,"minecraft:spruce_trapdoor":36,"minecraft:prismarine_wall":6,"minecraft:iron_door":3,"minecraft:gravel":18,"minecraft:crimson_nylium":243,"minecraft:soul_lantern":23,"minecraft:nether_wart_block":10,"minecraft:crimson_fungus":6,"minecraft:potion":1,"minecraft:cobblestone":232,"minecraft:jungle_door":1,"minecraft:white_stained_glass":1,"minecraft:grass_path":1021,"minecraft:andesite":44,"minecraft:chain":27,"minecraft:glass_pane":87,"minecraft:mossy_cobblestone_wall":1,"minecraft:smooth_stone_slab":145,"minecraft:stripped_oak_log":293,"minecraft:white_concrete":225,"minecraft:brown_mushroom_block":2,"minecraft:bone_meal":13}},"DataVersion":2586}