{"stats":{"minecraft:picked_up":{"minecraft:azure_bluet":1,"minecraft:oak_door":2,"minecraft:torch":5,"minecraft:dandelion":1,"minecraft:stone_button":10,"minecraft:spruce_door":2,"minecraft:wheat_seeds":4},"minecraft:custom":{"minecraft:time_since_rest":118884,"minecraft:sprint_one_cm":249865,"minecraft:damage_taken":200,"minecraft:walk_one_cm":501105,"minecraft:damage_dealt":80,"minecraft:swim_one_cm":955,"minecraft:fly_one_cm":2064963,"minecraft:play_one_minute":197475,"minecraft:crouch_one_cm":1489,"minecraft:deaths":1,"minecraft:sneak_time":6880,"minecraft:walk_under_water_one_cm":737,"minecraft:jump":1219,"minecraft:leave_game":4,"minecraft:time_since_death":118864,"minecraft:walk_on_water_one_cm":1851,"minecraft:climb_one_cm":1664,"minecraft:fall_one_cm":952},"minecraft:used":{"minecraft:oak_log":310,"minecraft:glass":278,"minecraft:dark_oak_planks":25,"minecraft:stone_brick_slab":2,"minecraft:mossy_stone_bricks":13,"minecraft:sea_lantern":220,"minecraft:spruce_door":2,"minecraft:orange_concrete":13,"minecraft:grass_block":1,"minecraft:oak_stairs":48,"minecraft:spruce_slab":51,"minecraft:polished_andesite":177,"minecraft:ladder":17,"minecraft:oak_planks":175,"minecraft:oak_sign":1,"minecraft:chest":16,"minecraft:dark_oak_slab":26,"minecraft:stone":35,"minecraft:stripped_birch_wood":178,"minecraft:cobblestone_slab":164,"minecraft:stone_brick_stairs":66,"minecraft:stone_bricks":385,"minecraft:oak_door":1,"minecraft:torch":102,"minecraft:lime_concrete":52,"minecraft:cobblestone":256,"minecraft:black_stained_glass":88,"minecraft:stripped_oak_wood":67,"minecraft:spruce_stairs":40,"minecraft:podzol":3,"minecraft:campfire":10,"minecraft:yellow_concrete":47,"minecraft:oak_wood":5,"minecraft:smooth_stone_slab":16,"minecraft:white_concrete":1776,"minecraft:stripped_oak_log":6,"minecraft:stone_brick_wall":15,"minecraft:spruce_fence":44,"minecraft:dandelion":6,"minecraft:azure_bluet":7,"minecraft:soul_torch":8,"minecraft:dark_oak_door":2,"minecraft:stripped_spruce_wood":56,"minecraft:birch_stairs":33}},"DataVersion":2586}