{
  "minecraft:recipes/decorations/torch": {
    "criteria": {
      "has_stone_pickaxe": "2020-06-11 16:12:17 +0200"
    },
    "done": true
  },
  "minecraft:story/upgrade_tools": {
    "criteria": {
      "stone_pickaxe": "2020-06-11 16:12:17 +0200"
    },
    "done": true
  },
  "minecraft:adventure/adventuring_time": {
    "criteria": {
      "minecraft:taiga": "2020-06-11 16:18:11 +0200",
      "minecraft:plains": "2020-06-11 16:12:17 +0200"
    },
    "done": false
  },
  "DataVersion": 2230
}